{
  "project_info": {
    "project_number": "780011998509",
    "project_id": "fir-auth-6f96d",
    "storage_bucket": "fir-auth-6f96d.appspot.com"
  },
  "client": [
    {
      "client_info": {
        "mobilesdk_app_id": "1:780011998509:android:50b811e71f6f52870897a4",
        "android_client_info": {
          "package_name": "com.example.minggu_11"
        }
      },
      "oauth_client": [
        {
          "client_id": "780011998509-jaj57tbjdt31cm7fbsvdkm7edp99afut.apps.googleusercontent.com",
          "client_type": 3
        }
      ],
      "api_key": [
        {
          "current_key": "AIzaSyDEiS2tsJowkKCIWccNDFgB41IIUVR1NMI"
        }
      ],
      "services": {
        "appinvite_service": {
          "other_platform_oauth_client": [
            {
              "client_id": "780011998509-jaj57tbjdt31cm7fbsvdkm7edp99afut.apps.googleusercontent.com",
              "client_type": 3
            }
          ]
        }
      }
    }
  ],
  "configuration_version": "1"
}